<?xml version="1.0" encoding="UTF-8" standalone="yes"?>
<definitions xmlns="http://www.omg.org/spec/BPMN/20100524/MODEL" xmlns:activiti="http://activiti.org/bpmn" xmlns:bpmndi="http://www.omg.org/spec/BPMN/20100524/DI" xmlns:omgdc="http://www.omg.org/spec/DD/20100524/DC" xmlns:omgdi="http://www.omg.org/spec/DD/20100524/DI" xmlns:tns="http://www.activiti.org/test" xmlns:xsd="http://www.w3.org/2001/XMLSchema" xmlns:xsi="http://www.w3.org/2001/XMLSchema-instance" expressionLanguage="http://www.w3.org/1999/XPath" id="m1553687119972" name="" targetNamespace="http://www.activiti.org/test" typeLanguage="http://www.w3.org/2001/XMLSchema">
  <process id="purchase" isClosed="false" isExecutable="true" processType="None">
    <startEvent id="_2" name="StartEvent"/>
    <exclusiveGateway gatewayDirection="Unspecified" id="_3" name="ExclusiveGateway"/>
    <userTask activiti:assignee="${managerId}" activiti:exclusive="true" activiti:formKey="process/approval" id="_4" name="总经理审批"/>
    <userTask activiti:assignee="${administrationId}" activiti:exclusive="true" activiti:formKey="process/approval" id="_5" name="行政主管审批"/>
    <exclusiveGateway gatewayDirection="Unspecified" id="_6" name="ExclusiveGateway"/>
    <userTask activiti:assignee="${financialId}" activiti:exclusive="true" activiti:formKey="process/approval" id="_7" name="财务审批"/>
    <exclusiveGateway gatewayDirection="Unspecified" id="_8" name="ExclusiveGateway"/>
    <endEvent id="_9" name="EndEvent"/>
    <sequenceFlow id="_10" sourceRef="_2" targetRef="_3"/>
    <sequenceFlow id="_12" name="金额小于等于10000" sourceRef="_3" targetRef="_5">
      <conditionExpression xsi:type="tFormalExpression"><![CDATA[${money<=10000}]]></conditionExpression>
    </sequenceFlow>
    <sequenceFlow id="_13" name="金额大于10000" sourceRef="_3" targetRef="_4">
      <conditionExpression xsi:type="tFormalExpression"><![CDATA[${money>10000}]]></conditionExpression>
    </sequenceFlow>
    <sequenceFlow id="_14" sourceRef="_5" targetRef="_6"/>
    <sequenceFlow id="_15" sourceRef="_4" targetRef="_6"/>
    <sequenceFlow id="_16" name="同意" sourceRef="_6" targetRef="_7">
      <conditionExpression xsi:type="tFormalExpression"><![CDATA[${flag==true}]]></conditionExpression>
    </sequenceFlow>
    <sequenceFlow id="_17" sourceRef="_7" targetRef="_8"/>
    <sequenceFlow id="_18" name="同意" sourceRef="_8" targetRef="_9">
      <conditionExpression xsi:type="tFormalExpression"><![CDATA[${flag==true}]]></conditionExpression>
    </sequenceFlow>
    <userTask activiti:assignee="${currentId}" activiti:exclusive="true" activiti:formKey="process/toAudit" id="_19" name="重新提交申请"/>
    <sequenceFlow id="_11" name="驳回" sourceRef="_6" targetRef="_19">
      <conditionExpression xsi:type="tFormalExpression"><![CDATA[${flag==false}]]></conditionExpression>
    </sequenceFlow>
    <sequenceFlow id="_20" name="驳回" sourceRef="_8" targetRef="_19">
      <conditionExpression xsi:type="tFormalExpression"><![CDATA[${flag==false}]]></conditionExpression>
    </sequenceFlow>
    <exclusiveGateway gatewayDirection="Unspecified" id="_21" name="ExclusiveGateway"/>
    <sequenceFlow id="_23" sourceRef="_19" targetRef="_21"/>
    <sequenceFlow id="_24" name="撤消申请" sourceRef="_21" targetRef="_9">
      <conditionExpression xsi:type="tFormalExpression"><![CDATA[${flag==false}]]></conditionExpression>
    </sequenceFlow>
    <sequenceFlow id="_25" name="重新提交申请" sourceRef="_21" targetRef="_3">
      <conditionExpression xsi:type="tFormalExpression"><![CDATA[${flag==true}]]></conditionExpression>
    </sequenceFlow>
  </process>
  <bpmndi:BPMNDiagram documentation="background=#FFFFFF;count=1;horizontalcount=1;orientation=0;width=842.4;height=1195.2;imageableWidth=832.4;imageableHeight=1185.2;imageableX=5.0;imageableY=5.0" id="Diagram-_1" name="New Diagram">
    <bpmndi:BPMNPlane bpmnElement="purchase">
      <bpmndi:BPMNShape bpmnElement="_2" id="Shape-_2">
        <omgdc:Bounds height="32.0" width="32.0" x="400.0" y="-20.0"/>
        <bpmndi:BPMNLabel>
          <omgdc:Bounds height="32.0" width="32.0" x="0.0" y="0.0"/>
        </bpmndi:BPMNLabel>
      </bpmndi:BPMNShape>
      <bpmndi:BPMNShape bpmnElement="_3" id="Shape-_3" isMarkerVisible="false">
        <omgdc:Bounds height="32.0" width="32.0" x="405.0" y="45.0"/>
        <bpmndi:BPMNLabel>
          <omgdc:Bounds height="32.0" width="32.0" x="0.0" y="0.0"/>
        </bpmndi:BPMNLabel>
      </bpmndi:BPMNShape>
      <bpmndi:BPMNShape bpmnElement="_4" id="Shape-_4">
        <omgdc:Bounds height="55.0" width="85.0" x="465.0" y="100.0"/>
        <bpmndi:BPMNLabel>
          <omgdc:Bounds height="55.0" width="85.0" x="0.0" y="0.0"/>
        </bpmndi:BPMNLabel>
      </bpmndi:BPMNShape>
      <bpmndi:BPMNShape bpmnElement="_5" id="Shape-_5">
        <omgdc:Bounds height="55.0" width="85.0" x="300.0" y="105.0"/>
        <bpmndi:BPMNLabel>
          <omgdc:Bounds height="55.0" width="85.0" x="0.0" y="0.0"/>
        </bpmndi:BPMNLabel>
      </bpmndi:BPMNShape>
      <bpmndi:BPMNShape bpmnElement="_6" id="Shape-_6" isMarkerVisible="false">
        <omgdc:Bounds height="32.0" width="32.0" x="410.0" y="175.0"/>
        <bpmndi:BPMNLabel>
          <omgdc:Bounds height="32.0" width="32.0" x="0.0" y="0.0"/>
        </bpmndi:BPMNLabel>
      </bpmndi:BPMNShape>
      <bpmndi:BPMNShape bpmnElement="_7" id="Shape-_7">
        <omgdc:Bounds height="55.0" width="85.0" x="390.0" y="260.0"/>
        <bpmndi:BPMNLabel>
          <omgdc:Bounds height="55.0" width="85.0" x="0.0" y="0.0"/>
        </bpmndi:BPMNLabel>
      </bpmndi:BPMNShape>
      <bpmndi:BPMNShape bpmnElement="_8" id="Shape-_8" isMarkerVisible="false">
        <omgdc:Bounds height="32.0" width="32.0" x="420.0" y="350.0"/>
        <bpmndi:BPMNLabel>
          <omgdc:Bounds height="32.0" width="32.0" x="0.0" y="0.0"/>
        </bpmndi:BPMNLabel>
      </bpmndi:BPMNShape>
      <bpmndi:BPMNShape bpmnElement="_9" id="Shape-_9">
        <omgdc:Bounds height="32.0" width="32.0" x="425.0" y="425.0"/>
        <bpmndi:BPMNLabel>
          <omgdc:Bounds height="32.0" width="32.0" x="0.0" y="0.0"/>
        </bpmndi:BPMNLabel>
      </bpmndi:BPMNShape>
      <bpmndi:BPMNShape bpmnElement="_19" id="Shape-_19">
        <omgdc:Bounds height="55.0" width="85.0" x="215.0" y="265.0"/>
        <bpmndi:BPMNLabel>
          <omgdc:Bounds height="55.0" width="85.0" x="0.0" y="0.0"/>
        </bpmndi:BPMNLabel>
      </bpmndi:BPMNShape>
      <bpmndi:BPMNShape bpmnElement="_21" id="Shape-_21" isMarkerVisible="false">
        <omgdc:Bounds height="32.0" width="32.0" x="145.0" y="275.0"/>
        <bpmndi:BPMNLabel>
          <omgdc:Bounds height="32.0" width="32.0" x="0.0" y="0.0"/>
        </bpmndi:BPMNLabel>
      </bpmndi:BPMNShape>
      <bpmndi:BPMNEdge bpmnElement="_13" id="BPMNEdge__13" sourceElement="_3" targetElement="_4">
        <omgdi:waypoint x="437.0" y="61.0"/>
        <omgdi:waypoint x="510.0" y="80.0"/>
        <omgdi:waypoint x="510.0" y="100.0"/>
        <bpmndi:BPMNLabel>
          <omgdc:Bounds height="0.0" width="67.0" x="0.0" y="-19.0"/>
        </bpmndi:BPMNLabel>
      </bpmndi:BPMNEdge>
      <bpmndi:BPMNEdge bpmnElement="_12" id="BPMNEdge__12" sourceElement="_3" targetElement="_5">
        <omgdi:waypoint x="405.0" y="61.0"/>
        <omgdi:waypoint x="345.0" y="133.0"/>
        <omgdi:waypoint x="345.0" y="105.0"/>
        <bpmndi:BPMNLabel>
          <omgdc:Bounds height="0.0" width="-63.0" x="0.0" y="19.0"/>
        </bpmndi:BPMNLabel>
      </bpmndi:BPMNEdge>
      <bpmndi:BPMNEdge bpmnElement="_15" id="BPMNEdge__15" sourceElement="_4" targetElement="_6">
        <omgdi:waypoint x="515.0" y="155.0"/>
        <omgdi:waypoint x="515.0" y="190.0"/>
        <omgdi:waypoint x="441.0" y="190.0"/>
        <bpmndi:BPMNLabel>
          <omgdc:Bounds height="0.0" width="0.0" x="0.0" y="0.0"/>
        </bpmndi:BPMNLabel>
      </bpmndi:BPMNEdge>
      <bpmndi:BPMNEdge bpmnElement="_14" id="BPMNEdge__14" sourceElement="_5" targetElement="_6">
        <omgdi:waypoint x="345.0" y="160.0"/>
        <omgdi:waypoint x="345.0" y="190.0"/>
        <omgdi:waypoint x="411.0" y="190.0"/>
        <bpmndi:BPMNLabel>
          <omgdc:Bounds height="0.0" width="0.0" x="0.0" y="0.0"/>
        </bpmndi:BPMNLabel>
      </bpmndi:BPMNEdge>
      <bpmndi:BPMNEdge bpmnElement="_17" id="BPMNEdge__17" sourceElement="_7" targetElement="_8">
        <omgdi:waypoint x="436.0" y="315.0"/>
        <omgdi:waypoint x="436.0" y="350.0"/>
        <bpmndi:BPMNLabel>
          <omgdc:Bounds height="0.0" width="0.0" x="0.0" y="0.0"/>
        </bpmndi:BPMNLabel>
      </bpmndi:BPMNEdge>
      <bpmndi:BPMNEdge bpmnElement="_16" id="BPMNEdge__16" sourceElement="_6" targetElement="_7">
        <omgdi:waypoint x="426.0" y="207.0"/>
        <omgdi:waypoint x="426.0" y="260.0"/>
        <bpmndi:BPMNLabel>
          <omgdc:Bounds height="7.0" width="0.0" x="0.0" y="39.0"/>
        </bpmndi:BPMNLabel>
      </bpmndi:BPMNEdge>
      <bpmndi:BPMNEdge bpmnElement="_18" id="BPMNEdge__18" sourceElement="_8" targetElement="_9">
        <omgdi:waypoint x="438.5" y="379.5"/>
        <omgdi:waypoint x="438.5" y="425.1965193707209"/>
        <bpmndi:BPMNLabel>
          <omgdc:Bounds height="-10.0" width="0.0" x="1.0" y="52.0"/>
        </bpmndi:BPMNLabel>
      </bpmndi:BPMNEdge>
      <bpmndi:BPMNEdge bpmnElement="_20" id="BPMNEdge__20" sourceElement="_8" targetElement="_19">
        <omgdi:waypoint x="424.0" y="370.0"/>
        <omgdi:waypoint x="260.0" y="370.0"/>
        <omgdi:waypoint x="260.0" y="320.0"/>
        <bpmndi:BPMNLabel>
          <omgdc:Bounds height="30.0" width="0.0" x="1.0" y="-75.0"/>
        </bpmndi:BPMNLabel>
      </bpmndi:BPMNEdge>
      <bpmndi:BPMNEdge bpmnElement="_24" id="BPMNEdge__24" sourceElement="_21" targetElement="_9">
        <omgdi:waypoint x="165.0" y="303.0"/>
        <omgdi:waypoint x="165.0" y="395.0"/>
        <omgdi:waypoint x="425.0" y="441.0"/>
        <bpmndi:BPMNLabel>
          <omgdc:Bounds height="44.0" width="4.0" x="0.0" y="65.0"/>
        </bpmndi:BPMNLabel>
      </bpmndi:BPMNEdge>
      <bpmndi:BPMNEdge bpmnElement="_23" id="BPMNEdge__23" sourceElement="_19" targetElement="_21">
        <omgdi:waypoint x="215.0" y="300.0"/>
        <omgdi:waypoint x="200.0" y="300.0"/>
        <omgdi:waypoint x="168.0" y="300.0"/>
        <bpmndi:BPMNLabel>
          <omgdc:Bounds height="0.0" width="0.0" x="0.0" y="0.0"/>
        </bpmndi:BPMNLabel>
      </bpmndi:BPMNEdge>
      <bpmndi:BPMNEdge bpmnElement="_25" id="BPMNEdge__25" sourceElement="_21" targetElement="_3">
        <omgdi:waypoint x="165.0" y="279.0"/>
        <omgdi:waypoint x="165.0" y="150.0"/>
        <omgdi:waypoint x="405.0" y="61.0"/>
        <bpmndi:BPMNLabel>
          <omgdc:Bounds height="54.0" width="29.0" x="0.0" y="-40.0"/>
        </bpmndi:BPMNLabel>
      </bpmndi:BPMNEdge>
      <bpmndi:BPMNEdge bpmnElement="_11" id="BPMNEdge__11" sourceElement="_6" targetElement="_19">
        <omgdi:waypoint x="410.0" y="191.0"/>
        <omgdi:waypoint x="260.0" y="264.0"/>
        <omgdi:waypoint x="260.0" y="265.0"/>
        <bpmndi:BPMNLabel>
          <omgdc:Bounds height="-45.0" width="0.0" x="1.0" y="40.0"/>
        </bpmndi:BPMNLabel>
      </bpmndi:BPMNEdge>
      <bpmndi:BPMNEdge bpmnElement="_10" id="BPMNEdge__10" sourceElement="_2" targetElement="_3">
        <omgdi:waypoint x="418.5" y="11.803480629279107"/>
        <omgdi:waypoint x="418.5" y="47.5"/>
        <bpmndi:BPMNLabel>
          <omgdc:Bounds height="0.0" width="0.0" x="0.0" y="0.0"/>
        </bpmndi:BPMNLabel>
      </bpmndi:BPMNEdge>
    </bpmndi:BPMNPlane>
  </bpmndi:BPMNDiagram>
</definitions>
